TARGET_NAME	PID	TARGET_VAF	GENE	VARIANT	VAR_TYPE	ANNOTATION	CHR	START	REF	ALT	sample.time..mo.	sample.timepoint.2	patient.category.2	Vital.Status
I-H-107649-T1	I-H-107649	0.0349	TP53	TP53_R175H	sub	somatic | oncogenic	17	7578406	C	T	25.12	premalignant	transformation	deceased
I-H-107649-T2	I-H-107649	0.3405	TP53	TP53_R175H	sub	somatic | oncogenic	17	7578406	C	T	52.47	tMN	transformation	deceased
I-H-107649-T3	I-H-107649	0.0027	TP53	TP53_R175H	sub	somatic | oncogenic	17	7578406	C	T	2.76	premalignant	transformation	deceased
I-H-107649-T4	I-H-107649	0.0016	TP53	TP53_R175H	sub	somatic | oncogenic	17	7578406	C	T	3.88	premalignant	transformation	deceased
I-H-107649-T5	I-H-107649	0.0106	TP53	TP53_R175H	sub	somatic | oncogenic	17	7578406	C	T	19.23	premalignant	transformation	deceased
I-H-107651-T1	I-H-107651	0.0028	STK11	STK11_K175M	sub	somatic | unknown	19	1220431	A	T	53.81	transient	transient	deceased
I-H-107651-T2	I-H-107651	0.0011	STK11	STK11_K175M	sub	somatic | unknown	19	1220431	A	T	12.82	transient	transient	deceased
I-H-107651-T3	I-H-107651	0	STK11	STK11_K175M	sub	somatic | unknown	19	1220431	A	T	24.98	transient	transient	deceased
I-H-107651-T4	I-H-107651	0.0012	STK11	STK11_K175M	sub	somatic | unknown	19	1220431	A	T	32.35	transient	transient	deceased
I-H-107651-T5	I-H-107651	0	STK11	STK11_K175M	sub	somatic | unknown	19	1220431	A	T	4.8	transient	transient	deceased
I-H-107651-T6	I-H-107651	0	STK11	STK11_K175M	sub	somatic | unknown	19	1220431	A	T	38.66	transient	transient	deceased
I-H-107651-T7	I-H-107651	0.0277	STK11	STK11_K175M	sub	somatic | unknown	19	1220431	A	T	69.95	transient	transient	deceased
I-H-118725-T1	I-H-118725	0.3725	IDH1	IDH1_R132H	sub	somatic | oncogenic	2	209113112	C	T	102.86	tMN	transformation	alive
I-H-118725-T1	I-H-118725	0	TGFBR2	TGFBR2_I210V	sub	somatic | unknown	3	30713228	A	G	102.86	tMN	transformation	alive
I-H-118725-T1	I-H-118725	0	GATA3	GATA3_D48G	sub	somatic | unknown	10	8097761	A	G	102.86	tMN	transformation	alive
I-H-118725-T1	I-H-118725	0.3674	NPM1	NPM1_p.W288fs*12	indel	somatic | oncogenic	5	170837546	T	TGCCA	102.86	tMN	transformation	alive
I-H-118725-T1	I-H-118725	0.4016	IRS1	IRS1_C186*	sub	somatic | unknown	2	227662897	G	T	102.86	tMN	transformation	alive
I-H-118725-T1	I-H-118725	0.0212	ERBB3	ERBB3_D169G	sub	somatic | unknown	12	56480399	A	G	102.86	tMN	transformation	alive
I-H-118725-T1	I-H-118725	0	TET2	TET2_K1462E	sub	somatic | likely	4	106193922	A	G	102.86	tMN	transformation	alive
I-H-118725-T2	I-H-118725	0.029	IRS1	IRS1_C186*	sub	somatic | unknown	2	227662897	G	T	69.59	premalignant	transformation	alive
I-H-118725-T2	I-H-118725	0	TET2	TET2_K1462E	sub	somatic | likely	4	106193922	A	G	69.59	premalignant	transformation	alive
I-H-118725-T2	I-H-118725	0	IDH1	IDH1_R132H	sub	somatic | oncogenic	2	209113112	C	T	69.59	premalignant	transformation	alive
I-H-118725-T2	I-H-118725	0.0081	NPM1	NPM1_p.W288fs*12	indel	somatic | oncogenic	5	170837546	T	TGCCA	69.59	premalignant	transformation	alive
I-H-118725-T2	I-H-118725	0	GATA3	GATA3_D48G	sub	somatic | unknown	10	8097761	A	G	69.59	premalignant	transformation	alive
I-H-118725-T2	I-H-118725	0	TGFBR2	TGFBR2_I210V	sub	somatic | unknown	3	30713228	A	G	69.59	premalignant	transformation	alive
I-H-118725-T2	I-H-118725	6.00E-04	ERBB3	ERBB3_D169G	sub	somatic | unknown	12	56480399	A	G	69.59	premalignant	transformation	alive
I-H-118725-T3	I-H-118725	8.00E-04	GATA3	GATA3_D48G	sub	somatic | unknown	10	8097761	A	G	61.67	premalignant	transformation	alive
I-H-118725-T3	I-H-118725	0	TET2	TET2_K1462E	sub	somatic | likely	4	106193922	A	G	61.67	premalignant	transformation	alive
I-H-118725-T3	I-H-118725	0	TGFBR2	TGFBR2_I210V	sub	somatic | unknown	3	30713228	A	G	61.67	premalignant	transformation	alive
I-H-118725-T3	I-H-118725	0	NPM1	NPM1_p.W288fs*12	indel	somatic | oncogenic	5	170837546	T	TGCCA	61.67	premalignant	transformation	alive
I-H-118725-T3	I-H-118725	0	ERBB3	ERBB3_D169G	sub	somatic | unknown	12	56480399	A	G	61.67	premalignant	transformation	alive
I-H-118725-T3	I-H-118725	0.0026	IDH1	IDH1_R132H	sub	somatic | oncogenic	2	209113112	C	T	61.67	premalignant	transformation	alive
I-H-118725-T3	I-H-118725	0	IRS1	IRS1_C186*	sub	somatic | unknown	2	227662897	G	T	61.67	premalignant	transformation	alive
I-H-118725-T4	I-H-118725	0.0488	GATA3	GATA3_D48G	sub	somatic | unknown	10	8097761	A	G	90.11	premalignant	transformation	alive
I-H-118725-T4	I-H-118725	0.0604	TGFBR2	TGFBR2_I210V	sub	somatic | unknown	3	30713228	A	G	90.11	premalignant	transformation	alive
I-H-118725-T4	I-H-118725	0.0128	IDH1	IDH1_R132H	sub	somatic | oncogenic	2	209113112	C	T	90.11	premalignant	transformation	alive
I-H-118725-T4	I-H-118725	0.2679	NPM1	NPM1_p.W288fs*12	indel	somatic | oncogenic	5	170837546	T	TGCCA	90.11	premalignant	transformation	alive
I-H-118725-T4	I-H-118725	0.0767	ERBB3	ERBB3_D169G	sub	somatic | unknown	12	56480399	A	G	90.11	premalignant	transformation	alive
I-H-118725-T4	I-H-118725	0.0438	TET2	TET2_K1462E	sub	somatic | likely	4	106193922	A	G	90.11	premalignant	transformation	alive
I-H-118725-T4	I-H-118725	0.3466	IRS1	IRS1_C186*	sub	somatic | unknown	2	227662897	G	T	90.11	premalignant	transformation	alive
I-H-118725-T5	I-H-118725	0	NPM1	NPM1_p.W288fs*12	indel	somatic | oncogenic	5	170837546	T	TGCCA	11.21	premalignant	transformation	alive
I-H-118725-T5	I-H-118725	0.0021	GATA3	GATA3_D48G	sub	somatic | unknown	10	8097761	A	G	11.21	premalignant	transformation	alive
I-H-118725-T5	I-H-118725	0.0012	IRS1	IRS1_C186*	sub	somatic | unknown	2	227662897	G	T	11.21	premalignant	transformation	alive
I-H-118725-T5	I-H-118725	0	TET2	TET2_K1462E	sub	somatic | likely	4	106193922	A	G	11.21	premalignant	transformation	alive
I-H-118725-T5	I-H-118725	0.0014	IDH1	IDH1_R132H	sub	somatic | oncogenic	2	209113112	C	T	11.21	premalignant	transformation	alive
I-H-118725-T5	I-H-118725	0	TGFBR2	TGFBR2_I210V	sub	somatic | unknown	3	30713228	A	G	11.21	premalignant	transformation	alive
I-H-118725-T5	I-H-118725	0	ERBB3	ERBB3_D169G	sub	somatic | unknown	12	56480399	A	G	11.21	premalignant	transformation	alive
I-H-118725-T6	I-H-118725	0	GATA3	GATA3_D48G	sub	somatic | unknown	10	8097761	A	G	48.32	premalignant	transformation	alive
I-H-118725-T6	I-H-118725	0	TGFBR2	TGFBR2_I210V	sub	somatic | unknown	3	30713228	A	G	48.32	premalignant	transformation	alive
I-H-118725-T6	I-H-118725	0	TET2	TET2_K1462E	sub	somatic | likely	4	106193922	A	G	48.32	premalignant	transformation	alive
I-H-118725-T6	I-H-118725	0	NPM1	NPM1_p.W288fs*12	indel	somatic | oncogenic	5	170837546	T	TGCCA	48.32	premalignant	transformation	alive
I-H-118725-T6	I-H-118725	0	IDH1	IDH1_R132H	sub	somatic | oncogenic	2	209113112	C	T	48.32	premalignant	transformation	alive
I-H-118725-T6	I-H-118725	0.0016	IRS1	IRS1_C186*	sub	somatic | unknown	2	227662897	G	T	48.32	premalignant	transformation	alive
I-H-118725-T6	I-H-118725	0	ERBB3	ERBB3_D169G	sub	somatic | unknown	12	56480399	A	G	48.32	premalignant	transformation	alive
I-H-118725-T7	I-H-118725	0	GATA3	GATA3_D48G	sub	somatic | unknown	10	8097761	A	G	78.14	premalignant	transformation	alive
I-H-118725-T7	I-H-118725	0	TET2	TET2_K1462E	sub	somatic | likely	4	106193922	A	G	78.14	premalignant	transformation	alive
I-H-118725-T7	I-H-118725	0.0015	IDH1	IDH1_R132H	sub	somatic | oncogenic	2	209113112	C	T	78.14	premalignant	transformation	alive
I-H-118725-T7	I-H-118725	0.0013	TGFBR2	TGFBR2_I210V	sub	somatic | unknown	3	30713228	A	G	78.14	premalignant	transformation	alive
I-H-118725-T7	I-H-118725	0	ERBB3	ERBB3_D169G	sub	somatic | unknown	12	56480399	A	G	78.14	premalignant	transformation	alive
I-H-118725-T7	I-H-118725	0.1935	IRS1	IRS1_C186*	sub	somatic | unknown	2	227662897	G	T	78.14	premalignant	transformation	alive
I-H-118725-T7	I-H-118725	0.1818	NPM1	NPM1_p.W288fs*12	indel	somatic | oncogenic	5	170837546	T	TGCCA	78.14	premalignant	transformation	alive
I-H-118726-T1	I-H-118726	0.0253	PTPRT	PTPRT_D534G	sub	somatic | unknown	20	40980885	T	C	26.63	tMN	transformation	deceased
I-H-118726-T1	I-H-118726	0.277	CUX1	CUX1_p.V817fs*2	indel	somatic | likely	7	101844989	AG	A	26.63	tMN	transformation	deceased
I-H-118726-T2	I-H-118726	0.1473	CUX1	CUX1_p.V817fs*2	indel	somatic | likely	7	101844989	AG	A	16.93	premalignant	transformation	deceased
I-H-118726-T2	I-H-118726	0.1012	PTPRT	PTPRT_D534G	sub	somatic | unknown	20	40980885	T	C	16.93	premalignant	transformation	deceased
I-H-118726-T3	I-H-118726	0.0016	CUX1	CUX1_p.V817fs*2	indel	somatic | likely	7	101844989	AG	A	5.75	premalignant	transformation	deceased
I-H-118726-T3	I-H-118726	0.0012	PTPRT	PTPRT_D534G	sub	somatic | unknown	20	40980885	T	C	5.75	premalignant	transformation	deceased
I-H-118726-T4	I-H-118726	0.0025	PTPRT	PTPRT_D534G	sub	somatic | unknown	20	40980885	T	C	7.76	premalignant	transformation	deceased
I-H-118726-T4	I-H-118726	0	CUX1	CUX1_p.V817fs*2	indel	somatic | likely	7	101844989	AG	A	7.76	premalignant	transformation	deceased
I-H-118727-T1	I-H-118727	0.0016	EGFR	EGFR_V250L	sub	somatic | unknown	7	55221704	G	C	30.74	tMN	transformation	deceased
I-H-118727-T1	I-H-118727	0.2165	TP53	TP53_R249S	sub	somatic | oncogenic	17	7577534	C	A	30.74	tMN	transformation	deceased
I-H-118727-T1	I-H-118727	0	SMG1	SMG1_A1150G	sub	somatic | unknown	16	18875368	G	C	30.74	tMN	transformation	deceased
I-H-118727-T1	I-H-118727	0.0322	TP53	TP53_V172F	sub	somatic | oncogenic	17	7578416	C	A	30.74	tMN	transformation	deceased
I-H-118727-T1	I-H-118727	0.0258	TP53	TP53_G279E	sub	somatic | oncogenic	17	7577102	C	T	30.74	tMN	transformation	deceased
I-H-118727-T1	I-H-118727	1	der(1)t(1;3)(q42;q25)	der(1)t(1;3)(q42;q25)	fusion	somatic | oncogenic	NA	NA			30.74	tMN	transformation	deceased
I-H-118727-T1	I-H-118727	0.0522	TP53	TP53_G266R	sub	somatic | oncogenic	17	7577142	C	T	30.74	tMN	transformation	deceased
I-H-118727-T2	I-H-118727	0	TP53	TP53_R249S	sub	somatic | oncogenic	17	7577534	C	A	12	premalignant	transformation	deceased
I-H-118727-T2	I-H-118727	9.00E-04	EGFR	EGFR_V250L	sub	somatic | unknown	7	55221704	G	C	12	premalignant	transformation	deceased
I-H-118727-T2	I-H-118727	0	SMG1	SMG1_A1150G	sub	somatic | unknown	16	18875368	G	C	12	premalignant	transformation	deceased
I-H-118727-T2	I-H-118727	0.0049	TP53	TP53_G279E	sub	somatic | oncogenic	17	7577102	C	T	12	premalignant	transformation	deceased
I-H-118727-T2	I-H-118727	0.0031	TP53	TP53_V172F	sub	somatic | oncogenic	17	7578416	C	A	12	premalignant	transformation	deceased
I-H-118727-T2	I-H-118727	0.0064	TP53	TP53_G266R	sub	somatic | oncogenic	17	7577142	C	T	12	premalignant	transformation	deceased
I-H-118727-T3	I-H-118727	0.0457	TP53	TP53_G266R	sub	somatic | oncogenic	17	7577142	C	T	18.9	premalignant	transformation	deceased
I-H-118727-T3	I-H-118727	0.0111	TP53	TP53_R249S	sub	somatic | oncogenic	17	7577534	C	A	18.9	premalignant	transformation	deceased
I-H-118727-T3	I-H-118727	0.0322	SMG1	SMG1_A1150G	sub	somatic | unknown	16	18875368	G	C	18.9	premalignant	transformation	deceased
I-H-118727-T3	I-H-118727	0.0022	EGFR	EGFR_V250L	sub	somatic | unknown	7	55221704	G	C	18.9	premalignant	transformation	deceased
I-H-118727-T3	I-H-118727	0.0048	TP53	TP53_V172F	sub	somatic | oncogenic	17	7578416	C	A	18.9	premalignant	transformation	deceased
I-H-118727-T3	I-H-118727	0.0383	TP53	TP53_G279E	sub	somatic | oncogenic	17	7577102	C	T	18.9	premalignant	transformation	deceased
I-H-118727-T4	I-H-118727	0.0536	EGFR	EGFR_V250L	sub	somatic | unknown	7	55221704	G	C	26.36	premalignant	transformation	deceased
I-H-118727-T4	I-H-118727	0.1901	SMG1	SMG1_A1150G	sub	somatic | unknown	16	18875368	G	C	26.36	premalignant	transformation	deceased
I-H-118727-T4	I-H-118727	0.0341	TP53	TP53_G266R	sub	somatic | oncogenic	17	7577142	C	T	26.36	premalignant	transformation	deceased
I-H-118727-T4	I-H-118727	0.0216	TP53	TP53_G279E	sub	somatic | oncogenic	17	7577102	C	T	26.36	premalignant	transformation	deceased
I-H-118727-T4	I-H-118727	0.0581	TP53	TP53_V172F	sub	somatic | oncogenic	17	7578416	C	A	26.36	premalignant	transformation	deceased
I-H-118727-T4	I-H-118727	0.2007	TP53	TP53_R249S	sub	somatic | oncogenic	17	7577534	C	A	26.36	premalignant	transformation	deceased
I-H-118728-T1	I-H-118728	0.0055	ETV6	ETV6_R433G	sub	somatic | unknown	12	12043918	C	G	50.43	tMN	transformation	deceased
I-H-118728-T1	I-H-118728	0.02	FLT4	FLT4_L57P	sub	somatic | unknown	5	180057785	A	G	50.43	tMN	transformation	deceased
I-H-118728-T1	I-H-118728	0	ERF	ERF_D61G	sub	somatic | unknown	19	42754558	T	C	50.43	tMN	transformation	deceased
I-H-118728-T1	I-H-118728	0.0189	NRAS	NRAS_Q61R	sub	somatic | oncogenic	1	115256529	T	C	50.43	tMN	transformation	deceased
I-H-118728-T1	I-H-118728	0.9	t(3;8)(q26.2;q24.1)	t(3;8)(q26.2;q24.1)	fusion	somatic | oncogenic	NA	NA			50.43	tMN	transformation	deceased
I-H-118728-T1	I-H-118728	0.044	IKZF1	IKZF1_R83*	sub	somatic | likely	7	50444317	C	T	50.43	tMN	transformation	deceased
I-H-118728-T1	I-H-118728	0	MDM4	MDM4_P369T	sub	somatic | unknown	1	204518442	C	A	50.43	tMN	transformation	deceased
I-H-118728-T1	I-H-118728	0.3656	PTPN11	PTPN11_S502P	sub	somatic | likely	12	112926884	T	C	50.43	tMN	transformation	deceased
I-H-118728-T1	I-H-118728	0.0455	PTPN11	PTPN11_F71L	sub	somatic | likely	12	112888195	T	C	50.43	tMN	transformation	deceased
I-H-118728-T2	I-H-118728	0.001	IKZF1	IKZF1_R83*	sub	somatic | likely	7	50444317	C	T	26.04	premalignant	transformation	deceased
I-H-118728-T2	I-H-118728	0	ERF	ERF_D61G	sub	somatic | unknown	19	42754558	T	C	26.04	premalignant	transformation	deceased
I-H-118728-T2	I-H-118728	0	PTPN11	PTPN11_S502P	sub	somatic | likely	12	112926884	T	C	26.04	premalignant	transformation	deceased
I-H-118728-T2	I-H-118728	0.0014	PTPN11	PTPN11_F71L	sub	somatic | likely	12	112888195	T	C	26.04	premalignant	transformation	deceased
I-H-118728-T2	I-H-118728	0	FLT4	FLT4_L57P	sub	somatic | unknown	5	180057785	A	G	26.04	premalignant	transformation	deceased
I-H-118728-T2	I-H-118728	8.00E-04	MDM4	MDM4_P369T	sub	somatic | unknown	1	204518442	C	A	26.04	premalignant	transformation	deceased
I-H-118728-T2	I-H-118728	0.0011	NRAS	NRAS_Q61R	sub	somatic | oncogenic	1	115256529	T	C	26.04	premalignant	transformation	deceased
I-H-118728-T2	I-H-118728	0	ETV6	ETV6_R433G	sub	somatic | unknown	12	12043918	C	G	26.04	premalignant	transformation	deceased
I-H-118728-T3	I-H-118728	0	IKZF1	IKZF1_R83*	sub	somatic | likely	7	50444317	C	T	19.53	premalignant	transformation	deceased
I-H-118728-T3	I-H-118728	0	PTPN11	PTPN11_F71L	sub	somatic | likely	12	112888195	T	C	19.53	premalignant	transformation	deceased
I-H-118728-T3	I-H-118728	0	MDM4	MDM4_P369T	sub	somatic | unknown	1	204518442	C	A	19.53	premalignant	transformation	deceased
I-H-118728-T3	I-H-118728	0	ERF	ERF_D61G	sub	somatic | unknown	19	42754558	T	C	19.53	premalignant	transformation	deceased
I-H-118728-T3	I-H-118728	0.001	NRAS	NRAS_Q61R	sub	somatic | oncogenic	1	115256529	T	C	19.53	premalignant	transformation	deceased
I-H-118728-T3	I-H-118728	0	FLT4	FLT4_L57P	sub	somatic | unknown	5	180057785	A	G	19.53	premalignant	transformation	deceased
I-H-118728-T3	I-H-118728	0	ETV6	ETV6_R433G	sub	somatic | unknown	12	12043918	C	G	19.53	premalignant	transformation	deceased
I-H-118728-T3	I-H-118728	0	PTPN11	PTPN11_S502P	sub	somatic | likely	12	112926884	T	C	19.53	premalignant	transformation	deceased
I-H-118728-T4	I-H-118728	0	PTPN11	PTPN11_S502P	sub	somatic | likely	12	112926884	T	C	37.77	premalignant	transformation	deceased
I-H-118728-T4	I-H-118728	0	NRAS	NRAS_Q61R	sub	somatic | oncogenic	1	115256529	T	C	37.77	premalignant	transformation	deceased
I-H-118728-T4	I-H-118728	0.0021	MDM4	MDM4_P369T	sub	somatic | unknown	1	204518442	C	A	37.77	premalignant	transformation	deceased
I-H-118728-T4	I-H-118728	0	IKZF1	IKZF1_R83*	sub	somatic | likely	7	50444317	C	T	37.77	premalignant	transformation	deceased
I-H-118728-T4	I-H-118728	0.001	ERF	ERF_D61G	sub	somatic | unknown	19	42754558	T	C	37.77	premalignant	transformation	deceased
I-H-118728-T4	I-H-118728	0	ETV6	ETV6_R433G	sub	somatic | unknown	12	12043918	C	G	37.77	premalignant	transformation	deceased
I-H-118728-T4	I-H-118728	0	FLT4	FLT4_L57P	sub	somatic | unknown	5	180057785	A	G	37.77	premalignant	transformation	deceased
I-H-118728-T4	I-H-118728	0	PTPN11	PTPN11_F71L	sub	somatic | likely	12	112888195	T	C	37.77	premalignant	transformation	deceased
I-H-118728-T5	I-H-118728	0	ERF	ERF_D61G	sub	somatic | unknown	19	42754558	T	C	7.03	premalignant	transformation	deceased
I-H-118728-T5	I-H-118728	0	MDM4	MDM4_P369T	sub	somatic | unknown	1	204518442	C	A	7.03	premalignant	transformation	deceased
I-H-118728-T5	I-H-118728	0	FLT4	FLT4_L57P	sub	somatic | unknown	5	180057785	A	G	7.03	premalignant	transformation	deceased
I-H-118728-T5	I-H-118728	0	ETV6	ETV6_R433G	sub	somatic | unknown	12	12043918	C	G	7.03	premalignant	transformation	deceased
I-H-118728-T5	I-H-118728	0	NRAS	NRAS_Q61R	sub	somatic | oncogenic	1	115256529	T	C	7.03	premalignant	transformation	deceased
I-H-118728-T5	I-H-118728	0.001	IKZF1	IKZF1_R83*	sub	somatic | likely	7	50444317	C	T	7.03	premalignant	transformation	deceased
I-H-118728-T5	I-H-118728	0	PTPN11	PTPN11_S502P	sub	somatic | likely	12	112926884	T	C	7.03	premalignant	transformation	deceased
I-H-118728-T5	I-H-118728	0	PTPN11	PTPN11_F71L	sub	somatic | likely	12	112888195	T	C	7.03	premalignant	transformation	deceased
I-H-118728-T6	I-H-118728	0.003	IKZF1	IKZF1_R83*	sub	somatic | likely	7	50444317	C	T	31.53	premalignant	transformation	deceased
I-H-118728-T6	I-H-118728	0	FLT4	FLT4_L57P	sub	somatic | unknown	5	180057785	A	G	31.53	premalignant	transformation	deceased
I-H-118728-T6	I-H-118728	0	NRAS	NRAS_Q61R	sub	somatic | oncogenic	1	115256529	T	C	31.53	premalignant	transformation	deceased
I-H-118728-T6	I-H-118728	0	ETV6	ETV6_R433G	sub	somatic | unknown	12	12043918	C	G	31.53	premalignant	transformation	deceased
I-H-118728-T6	I-H-118728	0.0285	MDM4	MDM4_P369T	sub	somatic | unknown	1	204518442	C	A	31.53	premalignant	transformation	deceased
I-H-118728-T6	I-H-118728	0	PTPN11	PTPN11_F71L	sub	somatic | likely	12	112888195	T	C	31.53	premalignant	transformation	deceased
I-H-118728-T6	I-H-118728	0	PTPN11	PTPN11_S502P	sub	somatic | likely	12	112926884	T	C	31.53	premalignant	transformation	deceased
I-H-118728-T6	I-H-118728	0	ERF	ERF_D61G	sub	somatic | unknown	19	42754558	T	C	31.53	premalignant	transformation	deceased
I-H-118728-T7	I-H-118728	0.1353	PTPN11	PTPN11_F71L	sub	somatic | likely	12	112888195	T	C	47.4	premalignant	transformation	deceased
I-H-118728-T7	I-H-118728	0.244	PTPN11	PTPN11_S502P	sub	somatic | likely	12	112926884	T	C	47.4	premalignant	transformation	deceased
I-H-118728-T7	I-H-118728	0.0261	IKZF1	IKZF1_R83*	sub	somatic | likely	7	50444317	C	T	47.4	premalignant	transformation	deceased
I-H-118728-T7	I-H-118728	9.00E-04	MDM4	MDM4_P369T	sub	somatic | unknown	1	204518442	C	A	47.4	premalignant	transformation	deceased
I-H-118728-T7	I-H-118728	0.98	t(3;8)(q26.2;q24.1)	t(3;8)(q26.2;q24.1)	fusion	somatic | oncogenic	NA	NA			47.4	premalignant	transformation	deceased
I-H-118728-T7	I-H-118728	0.002	NRAS	NRAS_Q61R	sub	somatic | oncogenic	1	115256529	T	C	47.4	premalignant	transformation	deceased
I-H-118728-T7	I-H-118728	0	ETV6	ETV6_R433G	sub	somatic | unknown	12	12043918	C	G	47.4	premalignant	transformation	deceased
I-H-118728-T7	I-H-118728	0.0759	ERF	ERF_D61G	sub	somatic | unknown	19	42754558	T	C	47.4	premalignant	transformation	deceased
I-H-118728-T7	I-H-118728	0.0024	FLT4	FLT4_L57P	sub	somatic | unknown	5	180057785	A	G	47.4	premalignant	transformation	deceased
I-H-118728-T8	I-H-118728	0.0057	PTPN11	PTPN11_F71L	sub	somatic | likely	12	112888195	T	C	53.19	tMN	transformation	deceased
I-H-118728-T8	I-H-118728	0.253	NRAS	NRAS_Q61R	sub	somatic | oncogenic	1	115256529	T	C	53.19	tMN	transformation	deceased
I-H-118728-T8	I-H-118728	0	MDM4	MDM4_P369T	sub	somatic | unknown	1	204518442	C	A	53.19	tMN	transformation	deceased
I-H-118728-T8	I-H-118728	0.024	ERF	ERF_D61G	sub	somatic | unknown	19	42754558	T	C	53.19	tMN	transformation	deceased
I-H-118728-T8	I-H-118728	0.1252	PTPN11	PTPN11_S502P	sub	somatic | likely	12	112926884	T	C	53.19	tMN	transformation	deceased
I-H-118728-T8	I-H-118728	0.0388	IKZF1	IKZF1_R83*	sub	somatic | likely	7	50444317	C	T	53.19	tMN	transformation	deceased
I-H-118728-T8	I-H-118728	0.2652	ETV6	ETV6_R433G	sub	somatic | unknown	12	12043918	C	G	53.19	tMN	transformation	deceased
I-H-118728-T8	I-H-118728	0.2655	FLT4	FLT4_L57P	sub	somatic | unknown	5	180057785	A	G	53.19	tMN	transformation	deceased
I-H-118729-T1	I-H-118729	0	IDH2	IDH2_R140Q	sub	somatic | oncogenic	15	90631934	C	T	57.23	tMN	transformation	alive
I-H-118729-T1	I-H-118729	0.078	KMT2A - FRYL	11q23 rearr	fusion	somatic | oncogenic	NA	NA			57.23	tMN	transformation	alive
I-H-118729-T2	I-H-118729	0	IDH2	IDH2_R140Q	sub	somatic | oncogenic	15	90631934	C	T	7.69	premalignant	transformation	alive
I-H-118729-T3	I-H-118729	0	IDH2	IDH2_R140Q	sub	somatic | oncogenic	15	90631934	C	T	25.71	premalignant	transformation	alive
I-H-118729-T3	I-H-118729	0.133	KMT2A - FRYL	11q23 rearr	fusion	somatic | oncogenic	NA	NA			25.71	premalignant	transformation	alive
I-H-118729-T4	I-H-118729	0.0013	IDH2	IDH2_R140Q	sub	somatic | oncogenic	15	90631934	C	T	45.46	premalignant	transformation	alive
I-H-118729-T4	I-H-118729	0.208	KMT2A - FRYL	11q23 rearr	fusion	somatic | oncogenic	NA	NA			45.46	premalignant	transformation	alive
I-H-118729-T5	I-H-118729	0	IDH2	IDH2_R140Q	sub	somatic | oncogenic	15	90631934	C	T	54.17	premalignant	transformation	alive
I-H-118729-T5	I-H-118729	0.155	KMT2A - FRYL	11q23 rearr	fusion	somatic | oncogenic	NA	NA			54.17	premalignant	transformation	alive
I-H-118729-T6	I-H-118729	0	IDH2	IDH2_R140Q	sub	somatic | oncogenic	15	90631934	C	T	1.35	premalignant	transformation	alive
I-H-118729-T7	I-H-118729	0.0017	IDH2	IDH2_R140Q	sub	somatic | oncogenic	15	90631934	C	T	17.16	premalignant	transformation	alive
I-H-118729-T8	I-H-118729	0.132	KMT2A - FRYL	11q23 rearr	fusion	somatic | oncogenic	NA	NA			39.68	premalignant	transformation	alive
I-H-118729-T8	I-H-118729	0.0348	IDH2	IDH2_R140Q	sub	somatic | oncogenic	15	90631934	C	T	39.68	premalignant	transformation	alive
I-H-118730-T1	I-H-118730	0.199	KMT2A - DDX6	11q23 rearr	fusion	somatic | oncogenic	NA	NA			35.9	tMN	transformation	alive
I-H-118730-T1	I-H-118730	0.0915	TP53	TP53_R249S	sub	somatic | oncogenic	17	7577534	C	A	35.9	tMN	transformation	alive
I-H-118730-T1	I-H-118730	0.0194	PPM1D	PPM1D_p.I526fs*11	indel	somatic | likely	17	58740671	ATTGAAAG	A	35.9	tMN	transformation	alive
I-H-118730-T1	I-H-118730	0.1288	PPM1D	PPM1D_p.G463fs*4	indel	somatic | likely	17	58740476	G	GTCCAA	35.9	tMN	transformation	alive
I-H-118730-T1	I-H-118730	0.1166	EPHA5	EPHA5_S899N	sub	somatic | unknown	4	66201806	C	T	35.9	tMN	transformation	alive
I-H-118730-T1	I-H-118730	0	NTRK2	NTRK2_P204H	sub	somatic | unknown	9	87338515	C	A	35.9	tMN	transformation	alive
I-H-118730-T1	I-H-118730	0	BACH2	BACH2_R728Q	sub	somatic | unknown	6	90642470	C	T	35.9	tMN	transformation	alive
I-H-118730-T1	I-H-118730	0.1006	ARID1B	ARID1B_Q642R	sub	somatic | unknown	6	157222658	A	G	35.9	tMN	transformation	alive
I-H-118730-T2	I-H-118730	0.0149	PPM1D	PPM1D_p.I526fs*11	indel	somatic | likely	17	58740671	ATTGAAAG	A	11.8	premalignant	transformation	alive
I-H-118730-T2	I-H-118730	0.0049	PPM1D	PPM1D_p.G463fs*4	indel	somatic | likely	17	58740476	G	GTCCAA	11.8	premalignant	transformation	alive
I-H-118730-T2	I-H-118730	7.00E-04	NTRK2	NTRK2_P204H	sub	somatic | unknown	9	87338515	C	A	11.8	premalignant	transformation	alive
I-H-118730-T2	I-H-118730	0	EPHA5	EPHA5_S899N	sub	somatic | unknown	4	66201806	C	T	11.8	premalignant	transformation	alive
I-H-118730-T2	I-H-118730	8.00E-04	TP53	TP53_R249S	sub	somatic | oncogenic	17	7577534	C	A	11.8	premalignant	transformation	alive
I-H-118730-T2	I-H-118730	0.416	KMT2A - DDX6	11q23 rearr	fusion	somatic | oncogenic	NA	NA			11.8	premalignant	transformation	alive
I-H-118730-T2	I-H-118730	0	BACH2	BACH2_R728Q	sub	somatic | unknown	6	90642470	C	T	11.8	premalignant	transformation	alive
I-H-118730-T2	I-H-118730	0	ARID1B	ARID1B_Q642R	sub	somatic | unknown	6	157222658	A	G	11.8	premalignant	transformation	alive
I-H-118730-T3	I-H-118730	0	NTRK2	NTRK2_P204H	sub	somatic | unknown	9	87338515	C	A	6.54	premalignant	transformation	alive
I-H-118730-T3	I-H-118730	0	PPM1D	PPM1D_p.I526fs*11	indel	somatic | likely	17	58740671	ATTGAAAG	A	6.54	premalignant	transformation	alive
I-H-118730-T3	I-H-118730	4.00E-04	PPM1D	PPM1D_p.G463fs*4	indel	somatic | likely	17	58740476	G	GTCCAA	6.54	premalignant	transformation	alive
I-H-118730-T3	I-H-118730	0	EPHA5	EPHA5_S899N	sub	somatic | unknown	4	66201806	C	T	6.54	premalignant	transformation	alive
I-H-118730-T3	I-H-118730	0.0024	BACH2	BACH2_R728Q	sub	somatic | unknown	6	90642470	C	T	6.54	premalignant	transformation	alive
I-H-118730-T3	I-H-118730	0	ARID1B	ARID1B_Q642R	sub	somatic | unknown	6	157222658	A	G	6.54	premalignant	transformation	alive
I-H-118730-T3	I-H-118730	0.0011	TP53	TP53_R249S	sub	somatic | oncogenic	17	7577534	C	A	6.54	premalignant	transformation	alive
I-H-118730-T4	I-H-118730	0.158	KMT2A - DDX6	11q23 rearr	fusion	somatic | oncogenic	NA	NA			21.01	premalignant	transformation	alive
I-H-118730-T4	I-H-118730	0.0239	ARID1B	ARID1B_Q642R	sub	somatic | unknown	6	157222658	A	G	21.01	premalignant	transformation	alive
I-H-118730-T4	I-H-118730	0.0521	EPHA5	EPHA5_S899N	sub	somatic | unknown	4	66201806	C	T	21.01	premalignant	transformation	alive
I-H-118730-T4	I-H-118730	0.0341	BACH2	BACH2_R728Q	sub	somatic | unknown	6	90642470	C	T	21.01	premalignant	transformation	alive
I-H-118730-T4	I-H-118730	0.113	PPM1D	PPM1D_p.I526fs*11	indel	somatic | likely	17	58740671	ATTGAAAG	A	21.01	premalignant	transformation	alive
I-H-118730-T4	I-H-118730	0.0901	PPM1D	PPM1D_p.G463fs*4	indel	somatic | likely	17	58740476	G	GTCCAA	21.01	premalignant	transformation	alive
I-H-118730-T4	I-H-118730	0.0184	TP53	TP53_R249S	sub	somatic | oncogenic	17	7577534	C	A	21.01	premalignant	transformation	alive
I-H-118730-T4	I-H-118730	0.028	NTRK2	NTRK2_P204H	sub	somatic | unknown	9	87338515	C	A	21.01	premalignant	transformation	alive
I-H-118730-T5	I-H-118730	0.069	ARID1B	ARID1B_Q642R	sub	somatic | unknown	6	157222658	A	G	26.92	premalignant	transformation	alive
I-H-118730-T5	I-H-118730	0.0962	EPHA5	EPHA5_S899N	sub	somatic | unknown	4	66201806	C	T	26.92	premalignant	transformation	alive
I-H-118730-T5	I-H-118730	0.0329	PPM1D	PPM1D_p.I526fs*11	indel	somatic | likely	17	58740671	ATTGAAAG	A	26.92	premalignant	transformation	alive
I-H-118730-T5	I-H-118730	0.001	NTRK2	NTRK2_P204H	sub	somatic | unknown	9	87338515	C	A	26.92	premalignant	transformation	alive
I-H-118730-T5	I-H-118730	0	BACH2	BACH2_R728Q	sub	somatic | unknown	6	90642470	C	T	26.92	premalignant	transformation	alive
I-H-118730-T5	I-H-118730	0.1445	PPM1D	PPM1D_p.G463fs*4	indel	somatic | likely	17	58740476	G	GTCCAA	26.92	premalignant	transformation	alive
I-H-118730-T5	I-H-118730	0.158	KMT2A - DDX6	11q23 rearr	fusion	somatic | oncogenic	NA	NA			26.92	premalignant	transformation	alive
I-H-118730-T5	I-H-118730	0.0699	TP53	TP53_R249S	sub	somatic | oncogenic	17	7577534	C	A	26.92	premalignant	transformation	alive
I-H-118731-T1	I-H-118731	0.0379	PPM1D	PPM1D_S516*	sub	somatic | oncogenic	17	58740642	C	G	84.35	tMN	transformation	deceased
I-H-118731-T1	I-H-118731	0.033	PDGFRA	PDGFRA_T489A	sub	somatic | unknown	4	55139804	A	G	84.35	tMN	transformation	deceased
I-H-118731-T1	I-H-118731	0.2072	TP53	TP53_R213P	sub	somatic | likely	17	7578211	C	G	84.35	tMN	transformation	deceased
I-H-118731-T1	I-H-118731	0.2002	BMPR1A	BMPR1A_L206R	sub	somatic | unknown	10	88672083	T	G	84.35	tMN	transformation	deceased
I-H-118731-T1	I-H-118731	0.3044	TP53	TP53_L257Q	sub	somatic | likely	17	7577511	A	T	84.35	tMN	transformation	deceased
I-H-118731-T1	I-H-118731	0.0112	BCOR	BCOR_G1376*	sub	somatic | oncogenic	X	39922046	C	A	84.35	tMN	transformation	deceased
I-H-118731-T1	I-H-118731	0.0785	PPM1D	PPM1D_R585M	sub	somatic | unknown	17	58740849	G	T	84.35	tMN	transformation	deceased
I-H-118731-T1	I-H-118731	0.0262	KEAP1	KEAP1_G527V	sub	somatic | unknown	19	10599996	C	A	84.35	tMN	transformation	deceased
I-H-118731-T1	I-H-118731	0.0778	ASXL1	ASXL1_p.D855fs*10	indel	somatic | unknown	20	31023075	ACTGATTG	A	84.35	tMN	transformation	deceased
I-H-118731-T2	I-H-118731	0.0297	PDGFRA	PDGFRA_T489A	sub	somatic | unknown	4	55139804	A	G	59.5	premalignant	transformation	deceased
I-H-118731-T2	I-H-118731	0.0037	TP53	TP53_L257Q	sub	somatic | likely	17	7577511	A	T	59.5	premalignant	transformation	deceased
I-H-118731-T2	I-H-118731	0.0483	PPM1D	PPM1D_S516*	sub	somatic | oncogenic	17	58740642	C	G	59.5	premalignant	transformation	deceased
I-H-118731-T2	I-H-118731	0.0053	BMPR1A	BMPR1A_L206R	sub	somatic | unknown	10	88672083	T	G	59.5	premalignant	transformation	deceased
I-H-118731-T2	I-H-118731	0.0534	KEAP1	KEAP1_G527V	sub	somatic | unknown	19	10599996	C	A	59.5	premalignant	transformation	deceased
I-H-118731-T2	I-H-118731	0	ASXL1	ASXL1_p.D855fs*10	indel	somatic | unknown	20	31023075	ACTGATTG	A	59.5	premalignant	transformation	deceased
I-H-118731-T2	I-H-118731	0.5128	BCOR	BCOR_G1376*	sub	somatic | oncogenic	X	39922046	C	A	59.5	premalignant	transformation	deceased
I-H-118731-T2	I-H-118731	9.00E-04	PPM1D	PPM1D_R585M	sub	somatic | unknown	17	58740849	G	T	59.5	premalignant	transformation	deceased
I-H-118731-T2	I-H-118731	0.004	TP53	TP53_R213P	sub	somatic | likely	17	7578211	C	G	59.5	premalignant	transformation	deceased
I-H-118731-T3	I-H-118731	0	ASXL1	ASXL1_p.D855fs*10	indel	somatic | unknown	20	31023075	ACTGATTG	A	48.26	premalignant	transformation	deceased
I-H-118731-T3	I-H-118731	0.001	TP53	TP53_L257Q	sub	somatic | likely	17	7577511	A	T	48.26	premalignant	transformation	deceased
I-H-118731-T3	I-H-118731	9.00E-04	BMPR1A	BMPR1A_L206R	sub	somatic | unknown	10	88672083	T	G	48.26	premalignant	transformation	deceased
I-H-118731-T3	I-H-118731	0.0823	KEAP1	KEAP1_G527V	sub	somatic | unknown	19	10599996	C	A	48.26	premalignant	transformation	deceased
I-H-118731-T3	I-H-118731	0.1056	BCOR	BCOR_G1376*	sub	somatic | oncogenic	X	39922046	C	A	48.26	premalignant	transformation	deceased
I-H-118731-T3	I-H-118731	0.0544	PDGFRA	PDGFRA_T489A	sub	somatic | unknown	4	55139804	A	G	48.26	premalignant	transformation	deceased
I-H-118731-T3	I-H-118731	0.0754	PPM1D	PPM1D_S516*	sub	somatic | oncogenic	17	58740642	C	G	48.26	premalignant	transformation	deceased
I-H-118731-T3	I-H-118731	0.0021	PPM1D	PPM1D_R585M	sub	somatic | unknown	17	58740849	G	T	48.26	premalignant	transformation	deceased
I-H-118731-T3	I-H-118731	8.00E-04	TP53	TP53_R213P	sub	somatic | likely	17	7578211	C	G	48.26	premalignant	transformation	deceased
I-H-118731-T4	I-H-118731	0.0904	PDGFRA	PDGFRA_T489A	sub	somatic | unknown	4	55139804	A	G	68.05	premalignant	transformation	deceased
I-H-118731-T4	I-H-118731	0.0386	BMPR1A	BMPR1A_L206R	sub	somatic | unknown	10	88672083	T	G	68.05	premalignant	transformation	deceased
I-H-118731-T4	I-H-118731	0.0056	PPM1D	PPM1D_R585M	sub	somatic | unknown	17	58740849	G	T	68.05	premalignant	transformation	deceased
I-H-118731-T4	I-H-118731	0.0607	TP53	TP53_L257Q	sub	somatic | likely	17	7577511	A	T	68.05	premalignant	transformation	deceased
I-H-118731-T4	I-H-118731	0.048	TP53	TP53_R213P	sub	somatic | likely	17	7578211	C	G	68.05	premalignant	transformation	deceased
I-H-118731-T4	I-H-118731	0	ASXL1	ASXL1_p.D855fs*10	indel	somatic | unknown	20	31023075	ACTGATTG	A	68.05	premalignant	transformation	deceased
I-H-118731-T4	I-H-118731	0.0874	PPM1D	PPM1D_S516*	sub	somatic | oncogenic	17	58740642	C	G	68.05	premalignant	transformation	deceased
I-H-118731-T4	I-H-118731	0.1121	KEAP1	KEAP1_G527V	sub	somatic | unknown	19	10599996	C	A	68.05	premalignant	transformation	deceased
I-H-118731-T4	I-H-118731	0.1308	BCOR	BCOR_G1376*	sub	somatic | oncogenic	X	39922046	C	A	68.05	premalignant	transformation	deceased
I-H-118731-T5	I-H-118731	0.1037	BMPR1A	BMPR1A_L206R	sub	somatic | unknown	10	88672083	T	G	78.57	premalignant	transformation	deceased
I-H-118731-T5	I-H-118731	0.0578	PPM1D	PPM1D_S516*	sub	somatic | oncogenic	17	58740642	C	G	78.57	premalignant	transformation	deceased
I-H-118731-T5	I-H-118731	0.1158	ASXL1	ASXL1_p.D855fs*10	indel	somatic | unknown	20	31023075	ACTGATTG	A	78.57	premalignant	transformation	deceased
I-H-118731-T5	I-H-118731	0.2	inv(7)(p15q35)	inv(7)(p15q35)	fusion	somatic | oncogenic	NA	NA			78.57	premalignant	transformation	deceased
I-H-118731-T5	I-H-118731	0.1007	TP53	TP53_R213P	sub	somatic | likely	17	7578211	C	G	78.57	premalignant	transformation	deceased
I-H-118731-T5	I-H-118731	0.0397	PDGFRA	PDGFRA_T489A	sub	somatic | unknown	4	55139804	A	G	78.57	premalignant	transformation	deceased
I-H-118731-T5	I-H-118731	0.1188	PPM1D	PPM1D_R585M	sub	somatic | unknown	17	58740849	G	T	78.57	premalignant	transformation	deceased
I-H-118731-T5	I-H-118731	0.0608	KEAP1	KEAP1_G527V	sub	somatic | unknown	19	10599996	C	A	78.57	premalignant	transformation	deceased
I-H-118731-T5	I-H-118731	0.1019	TP53	TP53_L257Q	sub	somatic | likely	17	7577511	A	T	78.57	premalignant	transformation	deceased
I-H-118731-T5	I-H-118731	0.1697	BCOR	BCOR_G1376*	sub	somatic | oncogenic	X	39922046	C	A	78.57	premalignant	transformation	deceased
I-H-118732-T1	I-H-118732	0.0061	TYK2	TYK2_G353W	sub	somatic | unknown	19	10475679	C	A	89.84	tMN	transformation	alive
I-H-118732-T1	I-H-118732	0.0157	PTPRD	PTPRD_?	sub	somatic | unknown	9	8525047	T	C	89.84	tMN	transformation	alive
I-H-118732-T1	I-H-118732	0.0165	MDM4	MDM4_S367L	sub	somatic | unknown	1	204518437	C	T	89.84	tMN	transformation	alive
I-H-118732-T1	I-H-118732	0.0043	RUNX1	RUNX1_A150P	sub	somatic | likely	21	36252914	C	G	89.84	tMN	transformation	alive
I-H-118732-T1	I-H-118732	0.2372	SPEN	SPEN_G1123*	sub	somatic | likely	1	16256102	G	T	89.84	tMN	transformation	alive
I-H-118732-T1	I-H-118732	0.3476	TP53	TP53_A276P	sub	somatic | likely	17	7577112	C	G	89.84	tMN	transformation	alive
I-H-118732-T2	I-H-118732	0.0013	MDM4	MDM4_S367L	sub	somatic | unknown	1	204518437	C	T	2.96	premalignant	transformation	alive
I-H-118732-T2	I-H-118732	0	RUNX1	RUNX1_A150P	sub	somatic | likely	21	36252914	C	G	2.96	premalignant	transformation	alive
I-H-118732-T2	I-H-118732	0.0022	SPEN	SPEN_G1123*	sub	somatic | likely	1	16256102	G	T	2.96	premalignant	transformation	alive
I-H-118732-T2	I-H-118732	0	PTPRD	PTPRD_?	sub	somatic | unknown	9	8525047	T	C	2.96	premalignant	transformation	alive
I-H-118732-T2	I-H-118732	0.0012	TP53	TP53_A276P	sub	somatic | likely	17	7577112	C	G	2.96	premalignant	transformation	alive
I-H-118732-T2	I-H-118732	0.0014	TYK2	TYK2_G353W	sub	somatic | unknown	19	10475679	C	A	2.96	premalignant	transformation	alive
I-H-118732-T3	I-H-118732	0.0986	PTPRD	PTPRD_?	sub	somatic | unknown	9	8525047	T	C	32.87	premalignant	transformation	alive
I-H-118732-T3	I-H-118732	0	TP53	TP53_A276P	sub	somatic | likely	17	7577112	C	G	32.87	premalignant	transformation	alive
I-H-118732-T3	I-H-118732	0.0132	MDM4	MDM4_S367L	sub	somatic | unknown	1	204518437	C	T	32.87	premalignant	transformation	alive
I-H-118732-T3	I-H-118732	0.0908	TYK2	TYK2_G353W	sub	somatic | unknown	19	10475679	C	A	32.87	premalignant	transformation	alive
I-H-118732-T3	I-H-118732	0.0836	RUNX1	RUNX1_A150P	sub	somatic | likely	21	36252914	C	G	32.87	premalignant	transformation	alive
I-H-118732-T3	I-H-118732	0	SPEN	SPEN_G1123*	sub	somatic | likely	1	16256102	G	T	32.87	premalignant	transformation	alive
I-H-118732-T4	I-H-118732	0.0474	MDM4	MDM4_S367L	sub	somatic | unknown	1	204518437	C	T	49.9	premalignant	transformation	alive
I-H-118732-T4	I-H-118732	0.0085	TP53	TP53_A276P	sub	somatic | likely	17	7577112	C	G	49.9	premalignant	transformation	alive
I-H-118732-T4	I-H-118732	0.0514	PTPRD	PTPRD_?	sub	somatic | unknown	9	8525047	T	C	49.9	premalignant	transformation	alive
I-H-118732-T4	I-H-118732	0	SPEN	SPEN_G1123*	sub	somatic | likely	1	16256102	G	T	49.9	premalignant	transformation	alive
I-H-118732-T4	I-H-118732	0.0563	TYK2	TYK2_G353W	sub	somatic | unknown	19	10475679	C	A	49.9	premalignant	transformation	alive
I-H-118732-T4	I-H-118732	0.0603	RUNX1	RUNX1_A150P	sub	somatic | likely	21	36252914	C	G	49.9	premalignant	transformation	alive
I-H-118733-T1	I-H-118733	0.2741	RPTOR	RPTOR_P1033R	sub	somatic | unknown	17	78919539	C	G	218.01	tMN	transformation	deceased
I-H-118733-T1	I-H-118733	0.2427	TGFBR1	TGFBR1_F408S	sub	somatic | unknown	9	101908859	T	C	218.01	tMN	transformation	deceased
I-H-118733-T1	I-H-118733	0.4	"unbalanced t(7,21)"	"unbalanced t(7,21)"	fusion	somatic | oncogenic	NA	NA			218.01	tMN	transformation	deceased
I-H-118733-T1	I-H-118733	0.0601	JAK3	JAK3_G260E	sub	somatic | unknown	19	17953207	C	T	218.01	tMN	transformation	deceased
I-H-118733-T1	I-H-118733	0.0492	RUNX1	RUNX1_D198N	sub	somatic | oncogenic	21	36231792	C	T	218.01	tMN	transformation	deceased
I-H-118733-T1	I-H-118733	0.0595	CREBBP	CREBBP_K1051E	sub	somatic | unknown	16	3817820	T	C	218.01	tMN	transformation	deceased
I-H-118733-T2	I-H-118733	0	RUNX1	RUNX1_D198N	sub	somatic | oncogenic	21	36231792	C	T	155.03	premalignant	transformation	deceased
I-H-118733-T2	I-H-118733	0	JAK3	JAK3_G260E	sub	somatic | unknown	19	17953207	C	T	155.03	premalignant	transformation	deceased
I-H-118733-T2	I-H-118733	8.00E-04	TGFBR1	TGFBR1_F408S	sub	somatic | unknown	9	101908859	T	C	155.03	premalignant	transformation	deceased
I-H-118733-T2	I-H-118733	0.0018	RPTOR	RPTOR_P1033R	sub	somatic | unknown	17	78919539	C	G	155.03	premalignant	transformation	deceased
I-H-118733-T2	I-H-118733	0	CREBBP	CREBBP_K1051E	sub	somatic | unknown	16	3817820	T	C	155.03	premalignant	transformation	deceased
I-H-118733-T3	I-H-118733	0	RUNX1	RUNX1_D198N	sub	somatic | oncogenic	21	36231792	C	T	201.18	premalignant	transformation	deceased
I-H-118733-T3	I-H-118733	0	JAK3	JAK3_G260E	sub	somatic | unknown	19	17953207	C	T	201.18	premalignant	transformation	deceased
I-H-118733-T3	I-H-118733	0	TGFBR1	TGFBR1_F408S	sub	somatic | unknown	9	101908859	T	C	201.18	premalignant	transformation	deceased
I-H-118733-T3	I-H-118733	0	RPTOR	RPTOR_P1033R	sub	somatic | unknown	17	78919539	C	G	201.18	premalignant	transformation	deceased
I-H-118733-T3	I-H-118733	6.00E-04	CREBBP	CREBBP_K1051E	sub	somatic | unknown	16	3817820	T	C	201.18	premalignant	transformation	deceased
I-H-118733-T4	I-H-118733	0	RPTOR	RPTOR_P1033R	sub	somatic | unknown	17	78919539	C	G	15.52	premalignant	transformation	deceased
I-H-118733-T4	I-H-118733	0	TGFBR1	TGFBR1_F408S	sub	somatic | unknown	9	101908859	T	C	15.52	premalignant	transformation	deceased
I-H-118733-T4	I-H-118733	0	CREBBP	CREBBP_K1051E	sub	somatic | unknown	16	3817820	T	C	15.52	premalignant	transformation	deceased
I-H-118733-T4	I-H-118733	0	JAK3	JAK3_G260E	sub	somatic | unknown	19	17953207	C	T	15.52	premalignant	transformation	deceased
I-H-118733-T4	I-H-118733	0	RUNX1	RUNX1_D198N	sub	somatic | oncogenic	21	36231792	C	T	15.52	premalignant	transformation	deceased
I-H-118733-T5	I-H-118733	0	RUNX1	RUNX1_D198N	sub	somatic | oncogenic	21	36231792	C	T	2.43	premalignant	transformation	deceased
I-H-118733-T5	I-H-118733	0	RPTOR	RPTOR_P1033R	sub	somatic | unknown	17	78919539	C	G	2.43	premalignant	transformation	deceased
I-H-118733-T5	I-H-118733	0	TGFBR1	TGFBR1_F408S	sub	somatic | unknown	9	101908859	T	C	2.43	premalignant	transformation	deceased
I-H-118733-T5	I-H-118733	0	CREBBP	CREBBP_K1051E	sub	somatic | unknown	16	3817820	T	C	2.43	premalignant	transformation	deceased
I-H-118733-T5	I-H-118733	0	JAK3	JAK3_G260E	sub	somatic | unknown	19	17953207	C	T	2.43	premalignant	transformation	deceased
I-H-118733-T6	I-H-118733	0	CREBBP	CREBBP_K1051E	sub	somatic | unknown	16	3817820	T	C	76.96	premalignant	transformation	deceased
I-H-118733-T6	I-H-118733	0	JAK3	JAK3_G260E	sub	somatic | unknown	19	17953207	C	T	76.96	premalignant	transformation	deceased
I-H-118733-T6	I-H-118733	0	RPTOR	RPTOR_P1033R	sub	somatic | unknown	17	78919539	C	G	76.96	premalignant	transformation	deceased
I-H-118733-T6	I-H-118733	0	TGFBR1	TGFBR1_F408S	sub	somatic | unknown	9	101908859	T	C	76.96	premalignant	transformation	deceased
I-H-118733-T6	I-H-118733	0	RUNX1	RUNX1_D198N	sub	somatic | oncogenic	21	36231792	C	T	76.96	premalignant	transformation	deceased
I-H-118733-T7	I-H-118733	0.2545	JAK3	JAK3_G260E	sub	somatic | unknown	19	17953207	C	T	222.35	tMN	transformation	deceased
I-H-118733-T7	I-H-118733	0.0353	TGFBR1	TGFBR1_F408S	sub	somatic | unknown	9	101908859	T	C	222.35	tMN	transformation	deceased
I-H-118733-T7	I-H-118733	0.218	CREBBP	CREBBP_K1051E	sub	somatic | unknown	16	3817820	T	C	222.35	tMN	transformation	deceased
I-H-118733-T7	I-H-118733	0.0032	RUNX1	RUNX1_D198N	sub	somatic | oncogenic	21	36231792	C	T	222.35	tMN	transformation	deceased
I-H-118733-T7	I-H-118733	0.041	RPTOR	RPTOR_P1033R	sub	somatic | unknown	17	78919539	C	G	222.35	tMN	transformation	deceased
I-H-118734-T1	I-H-118734	0.157	KMT2A - GAS7	11q23 rearr	fusion	somatic | oncogenic	NA	NA			13.12	tMN	transformation	deceased
I-H-118734-T1	I-H-118734	0.4213	ASXL2	ASXL2_p.G698fs*9	indel	somatic | likely	2	25967114	C	CA	13.12	tMN	transformation	deceased
I-H-118734-T1	I-H-118734	0.0229	TYK2	TYK2_W374*	sub	somatic | unknown	19	10475615	C	T	13.12	tMN	transformation	deceased
I-H-118734-T2	I-H-118734	0	TYK2	TYK2_W374*	sub	somatic | unknown	19	10475615	C	T	3.65	premalignant	transformation	deceased
I-H-118734-T2	I-H-118734	7.00E-04	ASXL2	ASXL2_p.G698fs*9	indel	somatic | likely	2	25967114	C	CA	3.65	premalignant	transformation	deceased
I-H-118734-T3	I-H-118734	0.087	ASXL2	ASXL2_p.G698fs*9	indel	somatic | likely	2	25967114	C	CA	10.82	premalignant	transformation	deceased
I-H-118734-T3	I-H-118734	0.0013	TYK2	TYK2_W374*	sub	somatic | unknown	19	10475615	C	T	10.82	premalignant	transformation	deceased
I-H-118734-T3	I-H-118734	0.111	KMT2A - GAS7	11q23 rearr	fusion	somatic | oncogenic	NA	NA			10.82	premalignant	transformation	deceased
I-H-118734-T4	I-H-118734	0.157	KMT2A - GAS7	11q23 rearr	fusion	somatic | oncogenic	NA	NA			11.74	premalignant	transformation	deceased
I-H-118734-T4	I-H-118734	0.2266	ASXL2	ASXL2_p.G698fs*9	indel	somatic | likely	2	25967114	C	CA	11.74	premalignant	transformation	deceased
I-H-118734-T4	I-H-118734	0.0076	TYK2	TYK2_W374*	sub	somatic | unknown	19	10475615	C	T	11.74	premalignant	transformation	deceased
I-H-118735-T1	I-H-118735	0.4242	STAG2	STAG2_?	sub	somatic | likely	X	123220395	A	T	13.28	tMN	transformation	deceased
I-H-118735-T1	I-H-118735	0.7455	CEBPA	CEBPA_p.M120fs*41	indel	somatic | likely	19	33792962	A	ATG	13.28	tMN	transformation	deceased
I-H-118735-T2	I-H-118735	0	CEBPA	CEBPA_p.M120fs*41	indel	somatic | likely	19	33792962	A	ATG	8.28	premalignant	transformation	deceased
I-H-118735-T2	I-H-118735	0	STAG2	STAG2_?	sub	somatic | likely	X	123220395	A	T	8.28	premalignant	transformation	deceased
I-H-118735-T3	I-H-118735	0	CEBPA	CEBPA_p.M120fs*41	indel	somatic | likely	19	33792962	A	ATG	9.83	premalignant	transformation	deceased
I-H-118735-T3	I-H-118735	0	STAG2	STAG2_?	sub	somatic | likely	X	123220395	A	T	9.83	premalignant	transformation	deceased
I-H-118735-T4	I-H-118735	0.3276	CEBPA	CEBPA_p.M120fs*41	indel	somatic | likely	19	33792962	A	ATG	11.9	premalignant	transformation	deceased
I-H-118735-T4	I-H-118735	0.1154	STAG2	STAG2_?	sub	somatic | likely	X	123220395	A	T	11.9	premalignant	transformation	deceased
I-H-118736-T1	I-H-118736	0.656	KMT2A - AFF1	11q23 rearr	fusion	somatic | oncogenic	NA	NA			10.91	tMN	transformation	deceased
I-H-118736-T1	I-H-118736	0.4062	KRAS	KRAS_G13D	sub	somatic | oncogenic	12	25398281	C	T	10.91	tMN	transformation	deceased
I-H-118736-T2	I-H-118736	0.0012	KRAS	KRAS_G13D	sub	somatic | oncogenic	12	25398281	C	T	2.43	premalignant	transformation	deceased
I-H-118737-T1	I-H-118737	0.3549	YAP1	YAP1_P215S	sub	somatic | unknown	11	102033257	C	T	28.14	tMN	transformation	alive
I-H-118737-T1	I-H-118737	0.64	t(5;17); unbalanced 5p-17p	t(5;17); unbalanced 5p-17p	fusion	somatic | oncogenic	NA	NA			28.14	tMN	transformation	alive
I-H-118737-T2	I-H-118737	0.0024	YAP1	YAP1_P215S	sub	somatic | unknown	11	102033257	C	T	17.75	premalignant	transformation	alive
I-H-118737-T3	I-H-118737	0.2556	YAP1	YAP1_P215S	sub	somatic | unknown	11	102033257	C	T	24.26	premalignant	transformation	alive
I-H-118737-T4	I-H-118737	9.00E-04	YAP1	YAP1_P215S	sub	somatic | unknown	11	102033257	C	T	11.57	premalignant	transformation	alive
I-H-118738-T1	I-H-118738	0.3874	WT1	WT1_Q457*	sub	somatic | oncogenic	11	32413581	G	A	44.08	tMN	transformation	deceased
I-H-118738-T2	I-H-118738	0.0026	WT1	WT1_Q457*	sub	somatic | oncogenic	11	32413581	G	A	9.34	premalignant	transformation	deceased
I-H-118738-T3	I-H-118738	0	WT1	WT1_Q457*	sub	somatic | oncogenic	11	32413581	G	A	21.63	premalignant	transformation	deceased
I-H-118738-T4	I-H-118738	0.0082	WT1	WT1_Q457*	sub	somatic | oncogenic	11	32413581	G	A	31.3	premalignant	transformation	deceased
I-H-118738-T5	I-H-118738	0.2061	WT1	WT1_Q457*	sub	somatic | oncogenic	11	32413581	G	A	41.55	premalignant	transformation	deceased
I-H-118741-T1	I-H-118741	0.1916	FANCD2	FANCD2_R401K	sub	somatic | unknown	3	10088331	G	A	83.69	tMN	transformation	alive
I-H-118741-T1	I-H-118741	0.2109	WT1	WT1_p.R380fs*5	indel	somatic | likely	11	32417913	C	CT	83.69	tMN	transformation	alive
I-H-118741-T1	I-H-118741	0.207	WT1	WT1_R380G	sub	somatic | likely	11	32417914	G	C	83.69	tMN	transformation	alive
I-H-118741-T1	I-H-118741	0.128	KMT2A - PRDM10	11q23 rearr	fusion	somatic | oncogenic	NA	NA			83.69	tMN	transformation	alive
I-H-118741-T1	I-H-118741	0.1798	RUNX1	RUNX1_p.L112fs*24	indel	somatic | likely	21	36259151	TGGGCA	T	83.69	tMN	transformation	alive
I-H-118741-T1	I-H-118741	0.2	FYN	FYN_E480G	sub	somatic | unknown	6	111983117	T	C	83.69	tMN	transformation	alive
I-H-118741-T1	I-H-118741	0.0283	RB1	RB1_G89*	sub	somatic | likely	13	48916735	G	T	83.69	tMN	transformation	alive
I-H-118741-T2	I-H-118741	0	WT1	WT1_R380G	sub	somatic | likely	11	32417914	G	C	10.59	premalignant	transformation	alive
I-H-118741-T2	I-H-118741	0.0051	RB1	RB1_G89*	sub	somatic | likely	13	48916735	G	T	10.59	premalignant	transformation	alive
I-H-118741-T2	I-H-118741	0	RUNX1	RUNX1_p.L112fs*24	indel	somatic | likely	21	36259151	TGGGCA	T	10.59	premalignant	transformation	alive
I-H-118741-T2	I-H-118741	0	WT1	WT1_p.R380fs*5	indel	somatic | likely	11	32417913	C	CT	10.59	premalignant	transformation	alive
I-H-118741-T2	I-H-118741	0	FANCD2	FANCD2_R401K	sub	somatic | unknown	3	10088331	G	A	10.59	premalignant	transformation	alive
I-H-118741-T2	I-H-118741	0.0033	FYN	FYN_E480G	sub	somatic | unknown	6	111983117	T	C	10.59	premalignant	transformation	alive
I-H-118741-T3	I-H-118741	0.0034	RB1	RB1_G89*	sub	somatic | likely	13	48916735	G	T	41.62	premalignant	transformation	alive
I-H-118741-T3	I-H-118741	0.0035	FYN	FYN_E480G	sub	somatic | unknown	6	111983117	T	C	41.62	premalignant	transformation	alive
I-H-118741-T3	I-H-118741	0	WT1	WT1_p.R380fs*5	indel	somatic | likely	11	32417913	C	CT	41.62	premalignant	transformation	alive
I-H-118741-T3	I-H-118741	0.001	WT1	WT1_R380G	sub	somatic | likely	11	32417914	G	C	41.62	premalignant	transformation	alive
I-H-118741-T3	I-H-118741	9.00E-04	FANCD2	FANCD2_R401K	sub	somatic | unknown	3	10088331	G	A	41.62	premalignant	transformation	alive
I-H-118741-T3	I-H-118741	0	RUNX1	RUNX1_p.L112fs*24	indel	somatic | likely	21	36259151	TGGGCA	T	41.62	premalignant	transformation	alive
I-H-118741-T4	I-H-118741	0.0014	FYN	FYN_E480G	sub	somatic | unknown	6	111983117	T	C	51.25	premalignant	transformation	alive
I-H-118741-T4	I-H-118741	0	RUNX1	RUNX1_p.L112fs*24	indel	somatic | likely	21	36259151	TGGGCA	T	51.25	premalignant	transformation	alive
I-H-118741-T4	I-H-118741	0	WT1	WT1_R380G	sub	somatic | likely	11	32417914	G	C	51.25	premalignant	transformation	alive
I-H-118741-T4	I-H-118741	9.00E-04	FANCD2	FANCD2_R401K	sub	somatic | unknown	3	10088331	G	A	51.25	premalignant	transformation	alive
I-H-118741-T4	I-H-118741	0.0498	RB1	RB1_G89*	sub	somatic | likely	13	48916735	G	T	51.25	premalignant	transformation	alive
I-H-118741-T4	I-H-118741	0	WT1	WT1_p.R380fs*5	indel	somatic | likely	11	32417913	C	CT	51.25	premalignant	transformation	alive
I-H-118741-T5	I-H-118741	0.0034	WT1	WT1_R380G	sub	somatic | likely	11	32417914	G	C	69.4	premalignant	transformation	alive
I-H-118741-T5	I-H-118741	0.0046	FANCD2	FANCD2_R401K	sub	somatic | unknown	3	10088331	G	A	69.4	premalignant	transformation	alive
I-H-118741-T5	I-H-118741	0.0949	RB1	RB1_G89*	sub	somatic | likely	13	48916735	G	T	69.4	premalignant	transformation	alive
I-H-118741-T5	I-H-118741	0	FYN	FYN_E480G	sub	somatic | unknown	6	111983117	T	C	69.4	premalignant	transformation	alive
I-H-118741-T5	I-H-118741	0.0036	WT1	WT1_p.R380fs*5	indel	somatic | likely	11	32417913	C	CT	69.4	premalignant	transformation	alive
I-H-118741-T5	I-H-118741	0.006	RUNX1	RUNX1_p.L112fs*24	indel	somatic | likely	21	36259151	TGGGCA	T	69.4	premalignant	transformation	alive
I-H-118741-T6	I-H-118741	0	WT1	WT1_R380G	sub	somatic | likely	11	32417914	G	C	0.69	premalignant	transformation	alive
I-H-118741-T6	I-H-118741	0	WT1	WT1_p.R380fs*5	indel	somatic | likely	11	32417913	C	CT	0.69	premalignant	transformation	alive
I-H-118741-T6	I-H-118741	0.001	FYN	FYN_E480G	sub	somatic | unknown	6	111983117	T	C	0.69	premalignant	transformation	alive
I-H-118741-T6	I-H-118741	0	RUNX1	RUNX1_p.L112fs*24	indel	somatic | likely	21	36259151	TGGGCA	T	0.69	premalignant	transformation	alive
I-H-118741-T6	I-H-118741	0.0049	RB1	RB1_G89*	sub	somatic | likely	13	48916735	G	T	0.69	premalignant	transformation	alive
I-H-118741-T6	I-H-118741	0	FANCD2	FANCD2_R401K	sub	somatic | unknown	3	10088331	G	A	0.69	premalignant	transformation	alive
I-H-118741-T7	I-H-118741	0	FYN	FYN_E480G	sub	somatic | unknown	6	111983117	T	C	6.57	premalignant	transformation	alive
I-H-118741-T7	I-H-118741	0.0059	RB1	RB1_G89*	sub	somatic | likely	13	48916735	G	T	6.57	premalignant	transformation	alive
I-H-118741-T7	I-H-118741	0	FANCD2	FANCD2_R401K	sub	somatic | unknown	3	10088331	G	A	6.57	premalignant	transformation	alive
I-H-118741-T7	I-H-118741	0	WT1	WT1_p.R380fs*5	indel	somatic | likely	11	32417913	C	CT	6.57	premalignant	transformation	alive
I-H-118741-T7	I-H-118741	0	WT1	WT1_R380G	sub	somatic | likely	11	32417914	G	C	6.57	premalignant	transformation	alive
I-H-118741-T7	I-H-118741	0	RUNX1	RUNX1_p.L112fs*24	indel	somatic | likely	21	36259151	TGGGCA	T	6.57	premalignant	transformation	alive
I-H-118741-T8	I-H-118741	0.0446	FANCD2	FANCD2_R401K	sub	somatic | unknown	3	10088331	G	A	21.86	premalignant	transformation	alive
I-H-118741-T8	I-H-118741	0	WT1	WT1_R380G	sub	somatic | likely	11	32417914	G	C	21.86	premalignant	transformation	alive
I-H-118741-T8	I-H-118741	0	WT1	WT1_p.R380fs*5	indel	somatic | likely	11	32417913	C	CT	21.86	premalignant	transformation	alive
I-H-118741-T8	I-H-118741	0	RUNX1	RUNX1_p.L112fs*24	indel	somatic | likely	21	36259151	TGGGCA	T	21.86	premalignant	transformation	alive
I-H-118741-T8	I-H-118741	0.0051	RB1	RB1_G89*	sub	somatic | likely	13	48916735	G	T	21.86	premalignant	transformation	alive
I-H-118741-T8	I-H-118741	0.0011	FYN	FYN_E480G	sub	somatic | unknown	6	111983117	T	C	21.86	premalignant	transformation	alive
I-H-118742-T1	I-H-118742	0.115	KMT2A - ELL	11q23 rearr	fusion	somatic | oncogenic	NA	NA			39.78	tMN	transformation	deceased
I-H-118742-T1	I-H-118742	0.1985	MYC	MYC_V282G	sub	somatic | unknown	8	128752684	T	G	39.78	tMN	transformation	deceased
I-H-118742-T2	I-H-118742	0	MYC	MYC_V282G	sub	somatic | unknown	8	128752684	T	G	18.41	premalignant	transformation	deceased
I-H-118742-T3	I-H-118742	0.01	KMT2A - ELL	11q23 rearr	fusion	somatic | oncogenic	NA	NA			28.37	premalignant	transformation	deceased
I-H-118742-T3	I-H-118742	0.0548	MYC	MYC_V282G	sub	somatic | unknown	8	128752684	T	G	28.37	premalignant	transformation	deceased
I-H-118742-T4	I-H-118742	0.0023	MYC	MYC_V282G	sub	somatic | unknown	8	128752684	T	G	13.31	premalignant	transformation	deceased
I-H-133427-T1	I-H-133427	0.0051	CHEK2	CHEK2_D390H	sub	somatic | unknown	22	29092945	C	G	26.17	transient	transient	deceased
I-H-133427-T2	I-H-133427	0.0329	CHEK2	CHEK2_D390H	sub	somatic | unknown	22	29092945	C	G	37.67	transient	transient	deceased
I-H-133427-T3	I-H-133427	0.56	inv(17)(p13q23)	inv(17)(p13q23)	fusion	somatic | oncogenic	NA	NA			23.11	transient	transient	deceased
I-H-133427-T3	I-H-133427	0.0041	CHEK2	CHEK2_D390H	sub	somatic | unknown	22	29092945	C	G	23.11	transient	transient	deceased
I-H-133430-T1	I-H-133430	0.0046	KRAS	KRAS_L19F	sub	somatic | oncogenic	12	25398262	C	A	76.13	transient	transient	deceased
I-H-133430-T1	I-H-133430	0.0028	TP53	TP53_R175G	sub	somatic | oncogenic	17	7578407	G	C	76.13	transient	transient	deceased
I-H-133430-T2	I-H-133430	0	TP53	TP53_R175G	sub	somatic | oncogenic	17	7578407	G	C	28.24	transient	transient	deceased
I-H-133430-T2	I-H-133430	0.0047	KRAS	KRAS_L19F	sub	somatic | oncogenic	12	25398262	C	A	28.24	transient	transient	deceased
I-H-133430-T3	I-H-133430	0	TP53	TP53_R175G	sub	somatic | oncogenic	17	7578407	G	C	34.62	transient	transient	deceased
I-H-133430-T3	I-H-133430	0.0304	KRAS	KRAS_L19F	sub	somatic | oncogenic	12	25398262	C	A	34.62	transient	transient	deceased
I-H-133430-T4	I-H-133430	0	TP53	TP53_R175G	sub	somatic | oncogenic	17	7578407	G	C	53.78	transient	transient	deceased
I-H-133430-T4	I-H-133430	0.0558	KRAS	KRAS_L19F	sub	somatic | oncogenic	12	25398262	C	A	53.78	transient	transient	deceased
I-H-133430-T5	I-H-133430	0.0087	KRAS	KRAS_L19F	sub	somatic | oncogenic	12	25398262	C	A	70.09	transient	transient	deceased
I-H-133430-T5	I-H-133430	0.0173	TP53	TP53_R175G	sub	somatic | oncogenic	17	7578407	G	C	70.09	transient	transient	deceased
I-H-133431-T1	I-H-133431	0	TP53	TP53_C135S	sub	somatic | oncogenic	17	7578526	C	G	6.25	transient	transient	alive
I-H-133431-T2	I-H-133431	0	TP53	TP53_C135S	sub	somatic | oncogenic	17	7578526	C	G	12.23	transient	transient	alive
I-H-133431-T3	I-H-133431	0.0011	TP53	TP53_C135S	sub	somatic | oncogenic	17	7578526	C	G	81.1	transient	transient	alive
I-H-133431-T4	I-H-133431	0.001	TP53	TP53_C135S	sub	somatic | oncogenic	17	7578526	C	G	1.25	transient	transient	alive
I-H-133431-T5	I-H-133431	0.0846	TP53	TP53_C135S	sub	somatic | oncogenic	17	7578526	C	G	34.85	transient	transient	alive
I-H-133431-T6	I-H-133431	0.0438	TP53	TP53_C135S	sub	somatic | oncogenic	17	7578526	C	G	45.13	transient	transient	alive
I-H-133431-T7	I-H-133431	0.0199	TP53	TP53_C135S	sub	somatic | oncogenic	17	7578526	C	G	54.34	transient	transient	alive
I-H-133433-T1	I-H-133433	0	PARP1	PARP1_D217N	sub	somatic | unknown	1	226576425	C	T	11.51	transient	transient	alive
I-H-133433-T1	I-H-133433	0	DNMT3A	DNMT3A_G722S	sub	somatic | likely	2	25463518	C	T	11.51	transient	transient	alive
I-H-133433-T1	I-H-133433	0	TSC2	TSC2_S1097R	sub	somatic | unknown	16	2129564	C	G	11.51	transient	transient	alive
I-H-133433-T1	I-H-133433	0.0097	PPM1D	PPM1D_V461A	sub	somatic | unknown	17	58740477	T	C	11.51	transient	transient	alive
I-H-133433-T2	I-H-133433	9.00E-04	DNMT3A	DNMT3A_G722S	sub	somatic | likely	2	25463518	C	T	18.44	transient	transient	alive
I-H-133433-T2	I-H-133433	0.55	"der(6) t(3,6)(q23,p25)"	"der(6) t(3,6)(q23,p25)"	fusion	somatic | oncogenic	NA	NA			18.44	transient	transient	alive
I-H-133433-T2	I-H-133433	0.0242	PPM1D	PPM1D_V461A	sub	somatic | unknown	17	58740477	T	C	18.44	transient	transient	alive
I-H-133433-T2	I-H-133433	0.0012	TSC2	TSC2_S1097R	sub	somatic | unknown	16	2129564	C	G	18.44	transient	transient	alive
I-H-133433-T2	I-H-133433	0.001	PARP1	PARP1_D217N	sub	somatic | unknown	1	226576425	C	T	18.44	transient	transient	alive
I-H-133433-T3	I-H-133433	0.0011	DNMT3A	DNMT3A_G722S	sub	somatic | likely	2	25463518	C	T	0.3	transient	transient	alive
I-H-133433-T3	I-H-133433	0	PARP1	PARP1_D217N	sub	somatic | unknown	1	226576425	C	T	0.3	transient	transient	alive
I-H-133433-T3	I-H-133433	0	PPM1D	PPM1D_V461A	sub	somatic | unknown	17	58740477	T	C	0.3	transient	transient	alive
I-H-133433-T3	I-H-133433	0	TSC2	TSC2_S1097R	sub	somatic | unknown	16	2129564	C	G	0.3	transient	transient	alive
I-H-133433-T4	I-H-133433	0.0039	DNMT3A	DNMT3A_G722S	sub	somatic | likely	2	25463518	C	T	33.79	transient	transient	alive
I-H-133433-T4	I-H-133433	0.9	"der(6) t(3,6)(q23,p25)"	"der(6) t(3,6)(q23,p25)"	fusion	somatic | oncogenic	NA	NA			33.79	transient	transient	alive
I-H-133433-T4	I-H-133433	0.0065	PPM1D	PPM1D_V461A	sub	somatic | unknown	17	58740477	T	C	33.79	transient	transient	alive
I-H-133433-T4	I-H-133433	0	PARP1	PARP1_D217N	sub	somatic | unknown	1	226576425	C	T	33.79	transient	transient	alive
I-H-133433-T4	I-H-133433	0.0012	TSC2	TSC2_S1097R	sub	somatic | unknown	16	2129564	C	G	33.79	transient	transient	alive
I-H-133433-T5	I-H-133433	0.0418	DNMT3A	DNMT3A_G722S	sub	somatic | likely	2	25463518	C	T	48.95	transient	transient	alive
I-H-133433-T5	I-H-133433	0.0023	PPM1D	PPM1D_V461A	sub	somatic | unknown	17	58740477	T	C	48.95	transient	transient	alive
I-H-133433-T5	I-H-133433	0.3	"der(6) t(3,6)(q23,p25)"	"der(6) t(3,6)(q23,p25)"	fusion	somatic | oncogenic	NA	NA			48.95	transient	transient	alive
I-H-133433-T5	I-H-133433	0.0368	PARP1	PARP1_D217N	sub	somatic | unknown	1	226576425	C	T	48.95	transient	transient	alive
I-H-133433-T5	I-H-133433	0.0011	TSC2	TSC2_S1097R	sub	somatic | unknown	16	2129564	C	G	48.95	transient	transient	alive
I-H-133433-T6	I-H-133433	0.057	PARP1	PARP1_D217N	sub	somatic | unknown	1	226576425	C	T	59.17	transient	transient	alive
I-H-133433-T6	I-H-133433	0.0305	DNMT3A	DNMT3A_G722S	sub	somatic | likely	2	25463518	C	T	59.17	transient	transient	alive
I-H-133433-T6	I-H-133433	0.0571	TSC2	TSC2_S1097R	sub	somatic | unknown	16	2129564	C	G	59.17	transient	transient	alive
I-H-133433-T6	I-H-133433	0.0026	PPM1D	PPM1D_V461A	sub	somatic | unknown	17	58740477	T	C	59.17	transient	transient	alive
I-H-133435-T1	I-H-133435	0	PDCD1	PDCD1_A249D	sub	somatic | unknown	2	242793331	G	T	10.98	transient	transient	alive
I-H-133435-T2	I-H-133435	0.057	PDCD1	PDCD1_A249D	sub	somatic | unknown	2	242793331	G	T	40.83	transient	transient	alive
I-H-133435-T3	I-H-133435	0.0197	PDCD1	PDCD1_A249D	sub	somatic | unknown	2	242793331	G	T	24.95	transient	transient	alive
I-H-133435-T4	I-H-133435	0.0336	PDCD1	PDCD1_A249D	sub	somatic | unknown	2	242793331	G	T	30.97	transient	transient	alive
I-H-133435-T5	I-H-133435	0.0778	PDCD1	PDCD1_A249D	sub	somatic | unknown	2	242793331	G	T	59.53	transient	transient	alive
I-H-133437-T5	I-H-133437	0.14	"t(2,16)(q31,q22)"	"t(2,16)(q31,q22)"	fusion	somatic | oncogenic	NA	NA			23.04	transient	transient	deceased
I-H-133437-T5	I-H-133437	0.14	"t(6,10)(q21,p13)"	"t(6,10)(q21,p13)"	fusion	somatic | oncogenic	NA	NA			23.04	transient	transient	deceased
I-H-133522-T1	I-H-133522	0	PPM1D	PPM1D_K535*	sub	somatic | oncogenic	17	58740698	A	T	9.66	transient	transient	alive
I-H-133522-T2	I-H-133522	0	PPM1D	PPM1D_K535*	sub	somatic | oncogenic	17	58740698	A	T	16.5	transient	transient	alive
I-H-133522-T3	I-H-133522	0.0033	PPM1D	PPM1D_K535*	sub	somatic | oncogenic	17	58740698	A	T	32.84	transient	transient	alive
I-H-133522-T4	I-H-133522	0.0117	PPM1D	PPM1D_K535*	sub	somatic | oncogenic	17	58740698	A	T	47.37	transient	transient	alive
I-H-133522-T5	I-H-133522	0.0247	PPM1D	PPM1D_K535*	sub	somatic | oncogenic	17	58740698	A	T	55.16	transient	transient	alive
I-H-133522-T6	I-H-133522	0.0361	PPM1D	PPM1D_K535*	sub	somatic | oncogenic	17	58740698	A	T	67.85	transient	transient	alive
I-H-133522-T7	I-H-133522	0.0067	PPM1D	PPM1D_K535*	sub	somatic | oncogenic	17	58740698	A	T	77.09	transient	transient	alive
I-H-133522-T8	I-H-133522	0.0076	PPM1D	PPM1D_K535*	sub	somatic | oncogenic	17	58740698	A	T	86.03	transient	transient	alive
I-H-133522-T9	I-H-133522	0.0297	PPM1D	PPM1D_K535*	sub	somatic | oncogenic	17	58740698	A	T	94.97	transient	transient	alive
I-H-133885-N1	I-H-133885	0.0157	BCOR	BCOR_Y218*	sub	somatic | oncogenic	X	39933945	G	C	64.04	control	control	deceased
I-H-133885-N2	I-H-133885	0.1676	BCOR	BCOR_Y218*	sub	somatic | oncogenic	X	39933945	G	C	79.55	control	control	deceased